{
  "Vermont": [[-72.6482510295885,44.675798791962436],[-73.08478103474644,46.044861275964735]],
  "New Hampshire": [[-71.2237843845553,44.819461944043525],[-71.18703164002868,46.437290514762054]],
  "Massachusetts": [[-71.1281293615346,42.05279713937865],[-69.54955043478961,42.70476446806014] ],
  "Rhode Island": [[-71.57733252757392,41.41531770448856],[-70.79095282658025,41.179388361425424]],
  "Connecticut": [[-72.54906049198837,41.439127518265416],[-71.4866309732902,40.75388121439005] ],
  "New Jersey": [[-74.18291011576646,40.05343633867593],[-73.43055120938494,40.078781228328154]],
  "Delaware": [[-75.25903062673467,38.56563486745429],[-74.03487575485997,38.829706673997514] ],
  "Maryland": [[-75.48817984699363, 38.127139024964684],[-74.40877881381897, 37.93939123209687]]
}